Timespace,AQI,hour,day,month
2025-06-27 16:14:18,84,16,Friday,6
2025-06-27 16:19:16,81,16,Friday,6
2025-06-27 16:28:17,81,16,Friday,6
2025-06-27 16:43:17,81,16,Friday,6
2025-06-27 16:58:19,81,16,Friday,6
2025-06-27 17:13:18,88,17,Friday,6
2025-06-27 17:28:17,89,17,Friday,6
2025-06-27 17:43:16,89,17,Friday,6
2025-06-27 17:58:16,89,17,Friday,6
2025-06-27 18:13:18,119,18,Friday,6
2025-06-27 18:28:17,117,18,Friday,6
2025-06-27 18:43:18,117,18,Friday,6
2025-06-27 18:58:16,117,18,Friday,6
2025-06-27 19:13:18,107,19,Friday,6
2025-06-27 19:28:18,110,19,Friday,6
2025-06-27 19:43:17,110,19,Friday,6
2025-06-27 19:58:17,110,19,Friday,6
2025-06-27 20:13:16,111,20,Friday,6
2025-06-27 20:28:17,115,20,Friday,6
2025-06-27 20:43:17,115,20,Friday,6
2025-06-27 20:58:18,115,20,Friday,6
2025-06-27 21:13:18,115,21,Friday,6
2025-06-27 21:28:19,115,21,Friday,6
2025-06-27 21:43:17,115,21,Friday,6
2025-06-27 21:58:16,115,21,Friday,6
2025-06-27 22:13:16,112,22,Friday,6
2025-06-27 22:28:17,112,22,Friday,6
2025-06-27 22:43:16,112,22,Friday,6
2025-06-27 22:58:20,112,22,Friday,6
2025-06-27 23:13:17,110,23,Friday,6
2025-06-27 23:28:18,111,23,Friday,6
2025-06-27 23:43:17,111,23,Friday,6
2025-06-27 23:58:17,111,23,Friday,6
2025-06-28 00:13:17,116,0,Saturday,6
2025-06-28 00:28:17,123,0,Saturday,6
2025-06-28 00:43:17,123,0,Saturday,6
2025-06-28 00:58:18,123,0,Saturday,6
2025-06-28 01:13:17,107,1,Saturday,6
2025-06-28 01:28:17,123,1,Saturday,6
2025-06-28 01:43:16,123,1,Saturday,6
2025-06-28 01:58:17,123,1,Saturday,6
2025-06-28 02:13:16,119,2,Saturday,6
2025-06-28 02:28:18,116,2,Saturday,6
2025-06-28 02:43:16,116,2,Saturday,6
2025-06-28 02:58:17,116,2,Saturday,6
2025-06-28 03:13:17,128,3,Saturday,6
2025-06-28 03:28:16,128,3,Saturday,6
2025-06-28 03:43:17,128,3,Saturday,6
2025-06-28 03:58:17,128,3,Saturday,6
2025-06-28 04:13:17,119,4,Saturday,6
2025-06-28 04:28:17,115,4,Saturday,6
2025-06-28 04:43:18,115,4,Saturday,6
2025-06-28 04:58:17,115,4,Saturday,6
2025-06-28 05:13:16,102,5,Saturday,6
2025-06-28 05:28:16,110,5,Saturday,6
2025-06-28 05:43:16,110,5,Saturday,6
2025-06-28 05:58:17,110,5,Saturday,6
2025-06-28 06:13:17,122,6,Saturday,6
2025-06-28 06:28:17,132,6,Saturday,6
2025-06-28 06:43:16,132,6,Saturday,6
2025-06-28 06:58:17,132,6,Saturday,6
2025-06-28 07:13:17,94,7,Saturday,6
2025-06-28 07:28:17,117,7,Saturday,6
2025-06-28 07:43:17,117,7,Saturday,6
2025-06-28 07:58:16,117,7,Saturday,6
2025-06-28 08:13:17,92,8,Saturday,6
2025-06-28 08:28:16,92,8,Saturday,6
2025-06-28 08:43:17,92,8,Saturday,6
2025-06-28 08:58:16,92,8,Saturday,6
2025-06-28 09:13:16,75,9,Saturday,6
2025-06-28 09:28:16,75,9,Saturday,6
2025-06-28 09:43:17,75,9,Saturday,6
2025-06-28 09:58:16,75,9,Saturday,6
2025-06-28 10:13:16,86,10,Saturday,6
2025-06-28 10:28:17,90,10,Saturday,6
2025-06-28 10:43:18,90,10,Saturday,6
2025-06-28 10:58:17,90,10,Saturday,6
2025-06-28 11:13:17,113,11,Saturday,6
2025-06-28 11:28:16,113,11,Saturday,6
2025-06-28 11:43:16,113,11,Saturday,6
2025-06-28 11:58:16,113,11,Saturday,6
2025-06-28 12:13:17,133,12,Saturday,6
2025-06-28 12:28:16,124,12,Saturday,6
2025-06-28 12:43:16,124,12,Saturday,6
2025-06-28 12:58:16,124,12,Saturday,6
2025-06-28 13:13:17,134,13,Saturday,6
2025-06-28 13:28:16,129,13,Saturday,6
2025-06-28 13:43:16,129,13,Saturday,6
2025-06-28 13:58:16,129,13,Saturday,6
2025-06-28 14:13:17,112,14,Saturday,6
2025-06-28 14:28:17,118,14,Saturday,6
2025-06-28 14:43:16,118,14,Saturday,6
2025-06-28 14:58:16,118,14,Saturday,6
2025-06-28 15:13:17,110,15,Saturday,6
2025-06-28 15:28:16,107,15,Saturday,6
2025-06-28 15:43:17,107,15,Saturday,6
2025-06-28 15:58:16,107,15,Saturday,6
2025-06-28 16:13:16,101,16,Saturday,6
2025-06-28 16:28:16,110,16,Saturday,6
2025-06-28 16:43:16,110,16,Saturday,6
2025-06-28 16:58:16,110,16,Saturday,6
2025-06-28 17:13:16,112,17,Saturday,6
2025-06-28 17:28:17,107,17,Saturday,6
2025-06-28 17:43:16,107,17,Saturday,6
2025-06-28 17:58:16,107,17,Saturday,6
2025-06-28 18:13:16,105,18,Saturday,6
2025-06-28 18:28:16,107,18,Saturday,6
2025-06-28 18:43:17,107,18,Saturday,6
2025-06-28 18:58:16,107,18,Saturday,6
2025-06-28 19:13:17,129,19,Saturday,6
2025-06-28 19:28:16,116,19,Saturday,6
2025-06-28 19:43:16,116,19,Saturday,6
2025-06-28 19:58:16,116,19,Saturday,6
2025-06-28 20:13:17,122,20,Saturday,6
2025-06-28 20:28:16,124,20,Saturday,6
2025-06-28 20:43:17,124,20,Saturday,6
2025-06-28 20:58:16,124,20,Saturday,6
2025-06-28 21:13:17,112,21,Saturday,6
2025-06-28 21:28:17,113,21,Saturday,6
2025-06-28 21:43:16,113,21,Saturday,6
2025-06-28 21:58:16,113,21,Saturday,6
2025-06-28 22:13:16,116,22,Saturday,6
2025-06-28 22:28:17,133,22,Saturday,6
2025-06-28 22:43:16,133,22,Saturday,6
2025-06-28 22:58:16,133,22,Saturday,6
2025-06-28 23:13:17,108,23,Saturday,6
2025-06-28 23:28:17,115,23,Saturday,6
2025-06-28 23:43:16,115,23,Saturday,6
2025-06-28 23:58:17,115,23,Saturday,6
2025-06-29 00:13:16,101,0,Sunday,6
2025-06-29 00:28:17,92,0,Sunday,6
2025-06-29 00:43:16,92,0,Sunday,6
2025-06-29 00:58:17,92,0,Sunday,6
2025-06-29 01:13:16,89,1,Sunday,6
2025-06-29 01:28:16,90,1,Sunday,6
2025-06-29 01:43:16,90,1,Sunday,6
2025-06-29 01:58:16,90,1,Sunday,6
2025-06-29 02:13:16,85,2,Sunday,6
2025-06-29 02:28:17,82,2,Sunday,6
2025-06-29 02:43:16,82,2,Sunday,6
2025-06-29 02:58:16,82,2,Sunday,6
2025-06-29 03:13:16,68,3,Sunday,6
2025-06-29 03:28:16,79,3,Sunday,6
2025-06-29 03:43:16,79,3,Sunday,6
2025-06-29 03:58:16,79,3,Sunday,6
2025-06-29 04:13:17,72,4,Sunday,6
2025-06-29 04:28:16,69,4,Sunday,6
2025-06-29 04:43:16,69,4,Sunday,6
2025-06-29 04:58:16,69,4,Sunday,6
2025-06-29 05:13:16,69,5,Sunday,6
2025-06-29 05:28:16,69,5,Sunday,6
2025-06-29 05:43:17,69,5,Sunday,6
2025-06-29 05:58:17,69,5,Sunday,6
2025-06-29 06:13:16,79,6,Sunday,6
2025-06-29 06:28:16,71,6,Sunday,6
2025-06-29 06:43:16,71,6,Sunday,6
2025-06-29 06:58:16,71,6,Sunday,6
2025-06-29 07:13:16,79,7,Sunday,6
2025-06-29 07:28:16,69,7,Sunday,6
2025-06-29 07:43:16,69,7,Sunday,6
2025-06-29 07:58:17,69,7,Sunday,6
2025-06-29 08:13:16,68,8,Sunday,6
2025-06-29 08:28:17,68,8,Sunday,6
2025-06-29 08:43:16,68,8,Sunday,6
2025-06-29 08:58:17,68,8,Sunday,6
2025-06-29 09:13:16,57,9,Sunday,6
2025-06-29 09:28:16,62,9,Sunday,6
2025-06-29 09:43:16,62,9,Sunday,6
2025-06-29 09:58:16,62,9,Sunday,6
2025-06-29 10:13:17,60,10,Sunday,6
2025-06-29 10:28:16,60,10,Sunday,6
2025-06-29 10:43:16,60,10,Sunday,6
2025-06-29 10:58:16,60,10,Sunday,6
2025-06-29 11:13:16,56,11,Sunday,6
2025-06-29 11:28:16,58,11,Sunday,6
2025-06-29 11:43:16,58,11,Sunday,6
2025-06-29 11:58:16,58,11,Sunday,6
2025-06-29 12:13:16,56,12,Sunday,6
2025-06-29 12:28:16,56,12,Sunday,6
2025-06-29 12:43:18,56,12,Sunday,6
2025-06-29 12:58:17,56,12,Sunday,6
2025-06-29 13:13:17,59,13,Sunday,6
2025-06-29 13:28:16,58,13,Sunday,6
2025-06-29 13:43:16,58,13,Sunday,6
2025-06-29 13:58:16,58,13,Sunday,6
2025-06-29 14:13:16,57,14,Sunday,6
2025-06-29 14:28:17,58,14,Sunday,6
2025-06-29 14:43:16,58,14,Sunday,6
2025-06-29 14:58:16,58,14,Sunday,6
2025-06-29 15:13:16,55,15,Sunday,6
2025-06-29 15:28:16,55,15,Sunday,6
2025-06-29 15:43:16,55,15,Sunday,6
2025-06-29 15:58:16,55,15,Sunday,6
2025-06-29 16:13:16,52,16,Sunday,6
2025-06-29 16:28:16,55,16,Sunday,6
2025-06-29 16:43:16,55,16,Sunday,6
2025-06-29 16:58:17,55,16,Sunday,6
2025-06-29 17:13:16,53,17,Sunday,6
2025-06-29 17:28:16,55,17,Sunday,6
2025-06-29 17:43:17,55,17,Sunday,6
2025-06-29 17:58:16,55,17,Sunday,6
2025-06-29 18:13:16,55,18,Sunday,6
2025-06-29 18:28:16,53,18,Sunday,6
2025-06-29 18:43:17,53,18,Sunday,6
2025-06-29 18:58:17,53,18,Sunday,6
2025-06-29 19:13:17,52,19,Sunday,6
2025-06-29 19:28:16,53,19,Sunday,6
2025-06-29 19:43:17,53,19,Sunday,6
2025-06-29 19:58:16,53,19,Sunday,6
2025-06-29 20:13:16,56,20,Sunday,6
2025-06-29 20:28:16,55,20,Sunday,6
2025-06-29 20:43:16,55,20,Sunday,6
2025-06-29 20:58:17,55,20,Sunday,6
2025-06-29 21:13:16,66,21,Sunday,6
2025-06-29 21:28:16,66,21,Sunday,6
2025-06-29 21:43:16,66,21,Sunday,6
2025-06-29 21:58:16,66,21,Sunday,6
2025-06-29 22:13:16,91,22,Sunday,6
2025-06-29 22:28:17,79,22,Sunday,6
2025-06-29 22:43:17,79,22,Sunday,6
2025-06-29 22:58:16,79,22,Sunday,6
2025-06-29 23:13:16,89,23,Sunday,6
2025-06-29 23:28:16,88,23,Sunday,6
2025-06-29 23:43:16,88,23,Sunday,6
2025-06-29 23:58:16,88,23,Sunday,6
2025-06-30 00:13:16,102,0,Monday,6
2025-06-30 00:28:40,102,0,Monday,6
2025-06-30 00:43:17,102,0,Monday,6
2025-06-30 00:58:16,102,0,Monday,6
2025-06-30 01:13:16,126,1,Monday,6
2025-06-30 01:28:16,115,1,Monday,6
2025-06-30 01:43:17,115,1,Monday,6
2025-06-30 01:58:16,115,1,Monday,6
2025-06-30 02:13:16,123,2,Monday,6
2025-06-30 02:28:16,129,2,Monday,6
2025-06-30 02:43:16,129,2,Monday,6
2025-06-30 02:58:16,129,2,Monday,6
2025-06-30 03:13:19,113,3,Monday,6
2025-06-30 03:28:16,119,3,Monday,6
2025-06-30 03:43:23,119,3,Monday,6
2025-06-30 03:58:16,119,3,Monday,6
2025-06-30 04:13:17,105,4,Monday,6
2025-06-30 04:28:19,102,4,Monday,6
2025-06-30 04:43:17,102,4,Monday,6
2025-06-30 04:58:17,102,4,Monday,6
2025-06-30 05:13:16,99,5,Monday,6
2025-06-30 05:28:16,99,5,Monday,6
2025-06-30 05:43:16,99,5,Monday,6
2025-06-30 05:58:16,99,5,Monday,6
2025-06-30 06:13:16,92,6,Monday,6
2025-06-30 06:28:16,94,6,Monday,6
2025-06-30 06:43:16,94,6,Monday,6
2025-06-30 06:58:16,94,6,Monday,6
2025-06-30 07:13:16,94,7,Monday,6
2025-06-30 07:28:17,94,7,Monday,6
2025-06-30 07:43:16,94,7,Monday,6
2025-06-30 07:58:17,94,7,Monday,6
2025-06-30 08:13:16,96,8,Monday,6
2025-06-30 08:28:17,96,8,Monday,6
2025-06-30 08:43:16,96,8,Monday,6
2025-06-30 08:58:16,96,8,Monday,6
2025-06-30 09:13:16,102,9,Monday,6
2025-06-30 09:28:16,98,9,Monday,6
2025-06-30 09:43:17,98,9,Monday,6
2025-06-30 09:58:16,98,9,Monday,6
2025-06-30 10:13:16,102,10,Monday,6
2025-06-30 10:28:17,110,10,Monday,6
2025-06-30 10:43:16,110,10,Monday,6
2025-06-30 10:58:16,110,10,Monday,6
2025-06-30 11:13:16,101,11,Monday,6
2025-06-30 11:28:17,107,11,Monday,6
2025-06-30 11:43:16,107,11,Monday,6
2025-06-30 11:58:17,107,11,Monday,6
2025-06-30 12:13:17,96,12,Monday,6
2025-06-30 12:28:16,96,12,Monday,6
2025-06-30 12:43:17,96,12,Monday,6
2025-06-30 12:58:16,96,12,Monday,6
2025-06-30 13:13:17,91,13,Monday,6
2025-06-30 13:28:16,94,13,Monday,6
2025-06-30 13:43:16,94,13,Monday,6
2025-06-30 13:58:17,94,13,Monday,6
2025-06-30 14:13:16,89,14,Monday,6
2025-06-30 14:28:17,88,14,Monday,6
2025-06-30 14:43:16,88,14,Monday,6
2025-06-30 14:58:17,88,14,Monday,6
2025-06-30 15:13:16,92,15,Monday,6
2025-06-30 15:28:16,88,15,Monday,6
2025-06-30 15:43:18,88,15,Monday,6
2025-06-30 15:58:26,88,15,Monday,6
2025-06-30 16:13:17,88,16,Monday,6
2025-06-30 16:28:16,88,16,Monday,6
2025-06-30 16:43:19,88,16,Monday,6
2025-06-30 16:58:17,88,16,Monday,6
2025-06-30 17:13:17,92,17,Monday,6
2025-06-30 17:28:17,88,17,Monday,6
2025-06-30 17:43:17,88,17,Monday,6
2025-06-30 17:58:16,88,17,Monday,6
2025-06-30 18:13:17,92,18,Monday,6
2025-06-30 18:28:19,90,18,Monday,6
2025-06-30 18:43:20,90,18,Monday,6
2025-06-30 18:58:17,90,18,Monday,6
2025-06-30 19:13:18,92,19,Monday,6
2025-06-30 19:28:17,89,19,Monday,6
2025-06-30 19:43:16,89,19,Monday,6
2025-06-30 19:58:16,89,19,Monday,6
2025-06-30 20:13:16,92,20,Monday,6
2025-06-30 20:28:16,91,20,Monday,6
2025-06-30 20:43:17,91,20,Monday,6
2025-06-30 20:58:17,91,20,Monday,6
2025-06-30 21:13:20,91,21,Monday,6
2025-06-30 21:28:17,91,21,Monday,6
2025-06-30 21:43:16,91,21,Monday,6
2025-06-30 21:58:16,91,21,Monday,6
2025-06-30 22:13:16,92,22,Monday,6
2025-06-30 22:28:18,89,22,Monday,6
2025-06-30 22:43:17,89,22,Monday,6
2025-06-30 22:58:17,89,22,Monday,6
2025-06-30 23:13:17,88,23,Monday,6
2025-06-30 23:28:17,88,23,Monday,6
2025-06-30 23:43:18,88,23,Monday,6
2025-06-30 23:58:16,88,23,Monday,6
2025-07-01 00:13:17,84,0,Tuesday,7
2025-07-01 00:28:18,84,0,Tuesday,7
2025-07-01 00:43:17,84,0,Tuesday,7
2025-07-01 00:58:17,84,0,Tuesday,7
2025-07-01 01:13:16,88,1,Tuesday,7
2025-07-01 01:28:16,90,1,Tuesday,7
2025-07-01 01:43:17,90,1,Tuesday,7
2025-07-01 01:58:17,90,1,Tuesday,7
2025-07-01 02:13:19,75,2,Tuesday,7
2025-07-01 02:28:16,88,2,Tuesday,7
2025-07-01 02:43:17,88,2,Tuesday,7
2025-07-01 02:58:20,88,2,Tuesday,7
2025-07-01 03:13:17,86,3,Tuesday,7
2025-07-01 03:28:17,86,3,Tuesday,7
2025-07-01 03:43:17,86,3,Tuesday,7
2025-07-01 03:58:17,86,3,Tuesday,7
2025-07-01 04:13:16,79,4,Tuesday,7
2025-07-01 04:28:17,84,4,Tuesday,7
2025-07-01 04:43:28,84,4,Tuesday,7
2025-07-01 04:58:16,84,4,Tuesday,7
2025-07-01 05:13:18,83,5,Tuesday,7
2025-07-01 05:28:17,84,5,Tuesday,7
2025-07-01 05:43:18,84,5,Tuesday,7
2025-07-01 05:58:16,84,5,Tuesday,7
2025-07-01 06:13:17,89,6,Tuesday,7
2025-07-01 06:28:18,88,6,Tuesday,7
2025-07-01 06:43:17,88,6,Tuesday,7
2025-07-01 06:58:17,88,6,Tuesday,7
2025-07-01 07:13:16,83,7,Tuesday,7
2025-07-01 07:28:18,90,7,Tuesday,7
2025-07-01 07:43:16,90,7,Tuesday,7
2025-07-01 07:58:17,90,7,Tuesday,7
2025-07-01 08:13:17,95,8,Tuesday,7
2025-07-01 08:28:17,94,8,Tuesday,7
2025-07-01 08:43:16,94,8,Tuesday,7
2025-07-01 08:58:16,94,8,Tuesday,7
2025-07-01 09:13:16,110,9,Tuesday,7
2025-07-01 09:28:16,96,9,Tuesday,7
2025-07-01 09:43:17,96,9,Tuesday,7
2025-07-01 09:58:17,96,9,Tuesday,7
2025-07-01 10:13:16,96,10,Tuesday,7
2025-07-01 10:28:16,97,10,Tuesday,7
2025-07-01 10:43:17,97,10,Tuesday,7
2025-07-01 10:58:17,97,10,Tuesday,7
2025-07-01 11:13:16,94,11,Tuesday,7
2025-07-01 11:28:20,94,11,Tuesday,7
2025-07-01 11:43:16,94,11,Tuesday,7
2025-07-01 11:58:16,94,11,Tuesday,7
2025-07-01 12:13:16,96,12,Tuesday,7
2025-07-01 12:28:17,90,12,Tuesday,7
2025-07-01 12:43:18,90,12,Tuesday,7
2025-07-01 12:58:20,90,12,Tuesday,7
2025-07-01 13:13:17,90,13,Tuesday,7
2025-07-01 13:28:18,90,13,Tuesday,7
2025-07-01 13:43:17,90,13,Tuesday,7
2025-07-01 13:58:21,90,13,Tuesday,7
2025-07-01 14:13:20,94,14,Tuesday,7
2025-07-01 14:28:21,94,14,Tuesday,7
2025-07-01 14:43:17,94,14,Tuesday,7
2025-07-01 14:58:18,94,14,Tuesday,7
2025-07-01 15:13:19,94,15,Tuesday,7
2025-07-01 15:28:17,90,15,Tuesday,7
2025-07-01 15:43:16,90,15,Tuesday,7
2025-07-01 15:58:17,90,15,Tuesday,7
2025-07-01 16:13:17,99,16,Tuesday,7
2025-07-01 16:28:26,96,16,Tuesday,7
2025-07-01 16:43:17,96,16,Tuesday,7
2025-07-01 16:58:18,96,16,Tuesday,7
2025-07-01 17:13:17,99,17,Tuesday,7
2025-07-01 17:28:18,97,17,Tuesday,7
2025-07-01 17:43:16,97,17,Tuesday,7
2025-07-01 17:58:16,97,17,Tuesday,7
2025-07-01 18:13:19,107,18,Tuesday,7
2025-07-01 18:28:16,106,18,Tuesday,7
2025-07-01 18:43:24,106,18,Tuesday,7
2025-07-01 18:58:18,106,18,Tuesday,7
2025-07-01 19:13:17,99,19,Tuesday,7
2025-07-01 19:28:16,112,19,Tuesday,7
2025-07-01 19:43:18,112,19,Tuesday,7
2025-07-01 19:58:16,112,19,Tuesday,7
2025-07-01 20:13:18,111,20,Tuesday,7
2025-07-01 20:28:18,110,20,Tuesday,7
2025-07-01 20:43:19,110,20,Tuesday,7
2025-07-01 20:58:16,110,20,Tuesday,7
2025-07-01 21:13:19,99,21,Tuesday,7
2025-07-01 21:28:16,99,21,Tuesday,7
2025-07-01 21:43:17,99,21,Tuesday,7
2025-07-01 21:58:17,99,21,Tuesday,7
2025-07-01 22:13:16,110,22,Tuesday,7
2025-07-01 22:28:21,97,22,Tuesday,7
2025-07-01 22:43:17,97,22,Tuesday,7
2025-07-01 22:58:18,97,22,Tuesday,7
2025-07-01 23:13:18,105,23,Tuesday,7
2025-07-01 23:28:16,99,23,Tuesday,7
2025-07-01 23:43:16,99,23,Tuesday,7
2025-07-01 23:58:18,99,23,Tuesday,7
2025-07-02 00:13:19,110,0,Wednesday,7
2025-07-02 00:28:19,110,0,Wednesday,7
2025-07-02 00:43:18,110,0,Wednesday,7
2025-07-02 00:58:18,110,0,Wednesday,7
2025-07-02 01:13:16,96,1,Wednesday,7
2025-07-02 01:28:17,102,1,Wednesday,7
2025-07-02 01:43:17,102,1,Wednesday,7
2025-07-02 01:58:17,102,1,Wednesday,7
2025-07-02 02:13:19,102,2,Wednesday,7
2025-07-02 02:28:16,94,2,Wednesday,7
2025-07-02 02:43:18,94,2,Wednesday,7
2025-07-02 02:58:17,94,2,Wednesday,7
2025-07-02 03:13:16,96,3,Wednesday,7
2025-07-02 03:28:16,94,3,Wednesday,7
2025-07-02 03:43:16,94,3,Wednesday,7
2025-07-02 03:58:16,94,3,Wednesday,7
2025-07-02 04:13:19,101,4,Wednesday,7
2025-07-02 04:28:17,90,4,Wednesday,7
2025-07-02 04:43:17,90,4,Wednesday,7
2025-07-02 04:58:16,90,4,Wednesday,7
2025-07-02 05:13:16,86,5,Wednesday,7
2025-07-02 05:28:17,88,5,Wednesday,7
2025-07-02 05:43:19,88,5,Wednesday,7
2025-07-02 05:58:16,88,5,Wednesday,7
2025-07-02 06:13:16,88,6,Wednesday,7
2025-07-02 06:28:16,88,6,Wednesday,7
2025-07-02 06:43:16,88,6,Wednesday,7
2025-07-02 06:58:18,88,6,Wednesday,7
2025-07-02 07:13:16,90,7,Wednesday,7
2025-07-02 07:28:18,90,7,Wednesday,7
2025-07-02 07:43:18,90,7,Wednesday,7
2025-07-02 07:58:16,90,7,Wednesday,7
2025-07-02 08:13:16,86,8,Wednesday,7
2025-07-02 08:28:21,86,8,Wednesday,7
2025-07-02 08:43:18,86,8,Wednesday,7
2025-07-02 08:58:18,86,8,Wednesday,7
2025-07-02 09:13:16,90,9,Wednesday,7
2025-07-02 09:28:18,96,9,Wednesday,7
2025-07-02 09:43:16,96,9,Wednesday,7
2025-07-02 09:58:17,96,9,Wednesday,7
2025-07-02 10:13:16,106,10,Wednesday,7
2025-07-02 10:28:16,99,10,Wednesday,7
2025-07-02 10:43:17,99,10,Wednesday,7
2025-07-02 10:58:16,99,10,Wednesday,7
2025-07-02 11:13:16,94,11,Wednesday,7
2025-07-02 11:28:16,94,11,Wednesday,7
2025-07-02 11:43:18,94,11,Wednesday,7
2025-07-02 11:58:20,94,11,Wednesday,7
2025-07-02 12:13:16,94,12,Wednesday,7
2025-07-02 12:28:16,94,12,Wednesday,7
2025-07-02 12:43:20,94,12,Wednesday,7
2025-07-02 12:58:17,94,12,Wednesday,7
2025-07-02 13:13:18,96,13,Wednesday,7
2025-07-02 13:28:16,92,13,Wednesday,7
2025-07-02 13:43:18,92,13,Wednesday,7
2025-07-02 13:58:16,92,13,Wednesday,7
2025-07-02 14:13:18,96,14,Wednesday,7
2025-07-02 14:28:18,94,14,Wednesday,7
2025-07-02 14:43:16,94,14,Wednesday,7
2025-07-02 14:58:17,94,14,Wednesday,7
2025-07-02 15:13:18,92,15,Wednesday,7
2025-07-02 15:28:21,92,15,Wednesday,7
2025-07-02 15:43:16,92,15,Wednesday,7
2025-07-02 15:58:20,92,15,Wednesday,7
2025-07-02 16:13:16,92,16,Wednesday,7
2025-07-02 16:28:18,92,16,Wednesday,7
2025-07-02 16:43:19,92,16,Wednesday,7
2025-07-02 16:58:18,92,16,Wednesday,7
2025-07-02 17:13:18,102,17,Wednesday,7
2025-07-02 17:28:17,92,17,Wednesday,7
2025-07-02 17:43:17,92,17,Wednesday,7
2025-07-02 17:58:16,92,17,Wednesday,7
2025-07-02 18:13:17,94,18,Wednesday,7
2025-07-02 18:28:19,95,18,Wednesday,7
2025-07-02 18:43:16,95,18,Wednesday,7
2025-07-02 18:58:17,95,18,Wednesday,7
2025-07-02 19:13:17,99,19,Wednesday,7
2025-07-02 19:28:16,99,19,Wednesday,7
2025-07-02 19:43:17,99,19,Wednesday,7
2025-07-02 19:58:18,99,19,Wednesday,7
2025-07-02 20:13:16,97,20,Wednesday,7
2025-07-02 20:28:17,97,20,Wednesday,7
2025-07-02 20:43:17,97,20,Wednesday,7
2025-07-02 20:58:19,97,20,Wednesday,7
2025-07-02 21:13:16,97,21,Wednesday,7
2025-07-02 21:28:20,95,21,Wednesday,7
2025-07-02 21:43:17,95,21,Wednesday,7
2025-07-02 21:58:16,95,21,Wednesday,7
2025-07-02 22:13:16,94,22,Wednesday,7
2025-07-02 22:28:17,94,22,Wednesday,7
2025-07-02 22:43:16,94,22,Wednesday,7
2025-07-02 22:58:16,94,22,Wednesday,7
2025-07-02 23:13:17,93,23,Wednesday,7
2025-07-02 23:28:16,96,23,Wednesday,7
2025-07-02 23:43:18,96,23,Wednesday,7
2025-07-02 23:58:17,96,23,Wednesday,7
2025-07-03 00:13:17,93,0,Thursday,7
2025-07-03 00:28:17,97,0,Thursday,7
2025-07-03 00:43:17,97,0,Thursday,7
2025-07-03 00:58:17,97,0,Thursday,7
2025-07-03 01:13:16,84,1,Thursday,7
2025-07-03 01:28:18,84,1,Thursday,7
2025-07-03 01:43:16,84,1,Thursday,7
2025-07-03 01:58:16,84,1,Thursday,7
2025-07-03 02:13:17,88,2,Thursday,7
2025-07-03 02:28:16,86,2,Thursday,7
2025-07-03 02:43:16,86,2,Thursday,7
2025-07-03 02:58:17,86,2,Thursday,7
2025-07-03 03:13:16,89,3,Thursday,7
2025-07-03 03:28:16,95,3,Thursday,7
2025-07-03 03:43:16,95,3,Thursday,7
2025-07-03 03:58:16,95,3,Thursday,7
2025-07-03 04:13:16,85,4,Thursday,7
2025-07-03 04:28:16,88,4,Thursday,7
2025-07-03 04:43:17,88,4,Thursday,7
2025-07-03 04:58:17,88,4,Thursday,7
2025-07-03 05:13:18,90,5,Thursday,7
2025-07-03 05:28:18,90,5,Thursday,7
2025-07-03 05:43:17,90,5,Thursday,7
2025-07-03 05:58:17,90,5,Thursday,7
2025-07-03 06:13:16,87,6,Thursday,7
2025-07-03 06:28:17,96,6,Thursday,7
2025-07-03 06:43:16,96,6,Thursday,7
2025-07-03 06:58:17,96,6,Thursday,7
2025-07-03 07:13:17,102,7,Thursday,7
2025-07-03 07:28:16,101,7,Thursday,7
2025-07-03 07:43:17,101,7,Thursday,7
2025-07-03 07:58:18,101,7,Thursday,7
2025-07-03 08:13:21,102,8,Thursday,7
2025-07-03 08:28:16,102,8,Thursday,7
2025-07-03 08:43:17,102,8,Thursday,7
2025-07-03 08:58:16,102,8,Thursday,7
2025-07-03 09:13:16,99,9,Thursday,7
2025-07-03 09:28:18,105,9,Thursday,7
2025-07-03 09:43:16,105,9,Thursday,7
2025-07-03 09:58:16,105,9,Thursday,7
2025-07-03 10:13:16,115,10,Thursday,7
2025-07-03 10:28:24,115,10,Thursday,7
2025-07-03 10:43:16,115,10,Thursday,7
2025-07-03 10:58:18,115,10,Thursday,7
2025-07-03 11:13:18,99,11,Thursday,7
2025-07-03 11:28:16,111,11,Thursday,7
2025-07-03 11:43:17,111,11,Thursday,7
2025-07-03 11:58:18,111,11,Thursday,7
2025-07-03 12:13:19,84,12,Thursday,7
2025-07-03 12:28:16,91,12,Thursday,7
2025-07-03 12:43:20,91,12,Thursday,7
2025-07-03 12:58:16,91,12,Thursday,7
2025-07-03 13:13:16,79,13,Thursday,7
2025-07-03 13:28:19,84,13,Thursday,7
2025-07-03 13:43:18,84,13,Thursday,7
2025-07-03 13:58:16,84,13,Thursday,7
2025-07-03 14:13:17,74,14,Thursday,7
2025-07-03 14:28:17,82,14,Thursday,7
2025-07-03 14:43:17,82,14,Thursday,7
2025-07-03 14:58:19,82,14,Thursday,7
2025-07-03 15:13:17,67,15,Thursday,7
2025-07-03 15:28:20,71,15,Thursday,7
2025-07-03 15:43:17,71,15,Thursday,7
2025-07-03 15:58:19,71,15,Thursday,7
2025-07-03 16:13:18,88,16,Thursday,7
2025-07-03 16:28:18,87,16,Thursday,7
2025-07-03 16:43:17,87,16,Thursday,7
2025-07-03 16:58:17,87,16,Thursday,7
2025-07-03 17:13:16,67,17,Thursday,7
2025-07-03 17:28:17,68,17,Thursday,7
2025-07-03 17:43:17,68,17,Thursday,7
2025-07-03 17:58:21,68,17,Thursday,7
2025-07-03 18:13:19,65,18,Thursday,7
2025-07-03 18:28:20,70,18,Thursday,7
2025-07-03 18:43:17,70,18,Thursday,7
2025-07-03 18:58:19,70,18,Thursday,7
2025-07-03 19:13:16,65,19,Thursday,7
2025-07-03 19:28:18,71,19,Thursday,7
2025-07-03 19:43:17,71,19,Thursday,7
2025-07-03 19:58:20,71,19,Thursday,7
2025-07-03 20:13:17,65,20,Thursday,7
2025-07-03 20:28:18,76,20,Thursday,7
2025-07-03 20:43:18,76,20,Thursday,7
2025-07-03 20:58:18,76,20,Thursday,7
2025-07-03 21:13:17,60,21,Thursday,7
2025-07-03 21:28:19,84,21,Thursday,7
2025-07-03 21:43:17,84,21,Thursday,7
2025-07-03 21:58:16,84,21,Thursday,7
2025-07-03 22:13:17,69,22,Thursday,7
2025-07-03 22:28:18,77,22,Thursday,7
2025-07-03 22:43:17,77,22,Thursday,7
2025-07-03 22:58:16,77,22,Thursday,7
2025-07-03 23:13:17,64,23,Thursday,7
2025-07-03 23:28:18,77,23,Thursday,7
2025-07-03 23:43:18,77,23,Thursday,7
2025-07-03 23:58:16,77,23,Thursday,7
2025-07-04 00:13:19,64,0,Friday,7
2025-07-04 00:28:17,70,0,Friday,7
2025-07-04 00:43:17,70,0,Friday,7
2025-07-04 00:58:17,70,0,Friday,7
2025-07-04 01:13:21,61,1,Friday,7
2025-07-04 01:28:17,69,1,Friday,7
2025-07-04 01:43:20,69,1,Friday,7
2025-07-04 01:58:17,69,1,Friday,7
2025-07-04 02:13:20,58,2,Friday,7
2025-07-04 02:28:16,69,2,Friday,7
2025-07-04 02:43:17,69,2,Friday,7
2025-07-04 02:58:19,69,2,Friday,7
2025-07-04 03:13:16,58,3,Friday,7
2025-07-04 03:28:16,69,3,Friday,7
2025-07-04 03:43:16,69,3,Friday,7
2025-07-04 03:58:21,69,3,Friday,7
2025-07-04 04:13:18,56,4,Friday,7
2025-07-04 04:28:16,69,4,Friday,7
2025-07-04 04:43:17,69,4,Friday,7
2025-07-04 04:58:17,69,4,Friday,7
2025-07-04 05:13:17,54,5,Friday,7
2025-07-04 05:28:17,65,5,Friday,7
2025-07-04 05:43:19,65,5,Friday,7
2025-07-04 05:58:16,65,5,Friday,7
2025-07-04 06:13:17,53,6,Friday,7
2025-07-04 06:28:17,62,6,Friday,7
2025-07-04 06:43:17,62,6,Friday,7
2025-07-04 06:58:17,62,6,Friday,7
2025-07-04 07:13:18,55,7,Friday,7
2025-07-04 07:28:16,67,7,Friday,7
2025-07-04 07:43:16,67,7,Friday,7
2025-07-04 07:58:16,67,7,Friday,7
2025-07-04 08:13:23,57,8,Friday,7
2025-07-04 08:28:20,68,8,Friday,7
2025-07-04 08:43:17,68,8,Friday,7
2025-07-04 08:58:19,68,8,Friday,7
2025-07-04 09:13:16,60,9,Friday,7
2025-07-04 09:28:18,71,9,Friday,7
2025-07-04 09:43:18,71,9,Friday,7
2025-07-04 09:58:16,71,9,Friday,7
2025-07-04 10:13:20,69,10,Friday,7
2025-07-04 10:28:19,80,10,Friday,7
2025-07-04 10:43:16,80,10,Friday,7
2025-07-04 10:58:16,80,10,Friday,7
2025-07-04 11:13:20,69,11,Friday,7
2025-07-04 11:28:17,80,11,Friday,7
2025-07-04 11:43:18,80,11,Friday,7
2025-07-04 11:58:16,80,11,Friday,7
2025-07-04 12:13:18,98,12,Friday,7
2025-07-04 12:28:18,111,12,Friday,7
2025-07-04 12:43:17,111,12,Friday,7
2025-07-04 12:58:18,111,12,Friday,7
2025-07-04 13:13:17,72,13,Friday,7
2025-07-04 13:28:18,82,13,Friday,7
2025-07-04 13:43:17,82,13,Friday,7
2025-07-04 13:58:17,82,13,Friday,7
2025-07-04 14:13:17,64,14,Friday,7
2025-07-04 14:28:17,66,14,Friday,7
2025-07-04 14:43:16,66,14,Friday,7
2025-07-04 14:58:16,66,14,Friday,7
2025-07-04 15:13:19,59,15,Friday,7
2025-07-04 15:28:18,61,15,Friday,7
2025-07-04 15:43:16,61,15,Friday,7
2025-07-04 15:58:18,61,15,Friday,7
2025-07-04 16:13:17,67,16,Friday,7
2025-07-04 16:28:18,73,16,Friday,7
2025-07-04 16:43:17,73,16,Friday,7
2025-07-04 16:58:18,73,16,Friday,7
2025-07-04 17:13:16,59,17,Friday,7
2025-07-04 17:28:17,63,17,Friday,7
2025-07-04 17:43:18,63,17,Friday,7
2025-07-04 17:58:16,63,17,Friday,7
2025-07-04 18:13:33,96,18,Friday,7
2025-07-04 18:28:16,96,18,Friday,7
2025-07-04 18:43:18,96,18,Friday,7
2025-07-04 18:58:19,96,18,Friday,7
2025-07-04 19:13:17,65,19,Friday,7
2025-07-04 19:28:16,67,19,Friday,7
2025-07-04 19:43:18,67,19,Friday,7
2025-07-04 19:58:16,67,19,Friday,7
2025-07-04 20:13:18,87,20,Friday,7
2025-07-04 20:28:18,88,20,Friday,7
2025-07-04 20:43:17,88,20,Friday,7
2025-07-04 20:58:25,88,20,Friday,7
2025-07-04 21:13:20,64,21,Friday,7
2025-07-04 21:28:17,72,21,Friday,7
2025-07-04 21:43:17,72,21,Friday,7
2025-07-04 21:58:19,72,21,Friday,7
2025-07-04 22:13:16,73,22,Friday,7
2025-07-04 22:28:19,75,22,Friday,7
2025-07-04 22:43:16,75,22,Friday,7
2025-07-04 22:58:17,75,22,Friday,7
2025-07-04 23:13:17,73,23,Friday,7
2025-07-04 23:28:17,77,23,Friday,7
2025-07-04 23:43:17,77,23,Friday,7
2025-07-04 23:58:16,77,23,Friday,7
2025-07-05 00:13:17,64,0,Saturday,7
2025-07-05 00:28:16,77,0,Saturday,7
2025-07-05 00:43:16,77,0,Saturday,7
2025-07-05 00:58:16,77,0,Saturday,7
2025-07-05 01:13:16,64,1,Saturday,7
2025-07-05 01:28:17,82,1,Saturday,7
2025-07-05 01:43:16,82,1,Saturday,7
2025-07-05 01:58:16,82,1,Saturday,7
2025-07-05 02:13:16,74,2,Saturday,7
2025-07-05 02:28:16,84,2,Saturday,7
2025-07-05 02:43:16,84,2,Saturday,7
2025-07-05 02:58:16,84,2,Saturday,7
2025-07-05 03:13:16,61,3,Saturday,7
2025-07-05 03:28:17,79,3,Saturday,7
2025-07-05 03:43:18,79,3,Saturday,7
2025-07-05 03:58:16,79,3,Saturday,7
2025-07-05 04:13:17,75,4,Saturday,7
2025-07-05 04:28:17,84,4,Saturday,7
2025-07-05 04:43:17,84,4,Saturday,7
2025-07-05 04:58:17,84,4,Saturday,7
2025-07-05 05:13:16,66,5,Saturday,7
2025-07-05 05:28:16,81,5,Saturday,7
2025-07-05 05:43:18,81,5,Saturday,7
2025-07-05 05:58:18,81,5,Saturday,7
2025-07-05 06:13:17,82,6,Saturday,7
2025-07-05 06:28:16,82,6,Saturday,7
2025-07-05 06:43:17,82,6,Saturday,7
2025-07-05 06:58:16,82,6,Saturday,7
2025-07-05 07:13:16,64,7,Saturday,7
2025-07-05 07:28:17,76,7,Saturday,7
2025-07-05 07:43:17,76,7,Saturday,7
2025-07-05 07:58:16,76,7,Saturday,7
2025-07-05 08:13:17,63,8,Saturday,7
2025-07-05 08:28:19,73,8,Saturday,7
2025-07-05 08:43:17,73,8,Saturday,7
2025-07-05 08:58:17,73,8,Saturday,7
2025-07-05 09:13:17,62,9,Saturday,7
2025-07-05 09:28:17,73,9,Saturday,7
2025-07-05 09:43:17,73,9,Saturday,7
2025-07-05 09:58:17,73,9,Saturday,7
2025-07-05 10:13:18,56,10,Saturday,7
2025-07-05 10:28:17,72,10,Saturday,7
2025-07-05 10:43:16,72,10,Saturday,7
2025-07-05 10:58:19,72,10,Saturday,7
2025-07-05 11:13:20,60,11,Saturday,7
2025-07-05 11:28:17,69,11,Saturday,7
2025-07-05 11:43:21,69,11,Saturday,7
2025-07-05 11:58:17,69,11,Saturday,7
2025-07-05 12:13:17,66,12,Saturday,7
2025-07-05 12:28:17,76,12,Saturday,7
2025-07-05 12:43:16,76,12,Saturday,7
2025-07-05 12:58:16,76,12,Saturday,7
2025-07-05 13:13:17,82,13,Saturday,7
2025-07-05 13:28:17,82,13,Saturday,7
2025-07-05 13:43:17,82,13,Saturday,7
2025-07-05 13:58:18,82,13,Saturday,7
2025-07-05 14:13:16,77,14,Saturday,7
2025-07-05 14:28:16,79,14,Saturday,7
2025-07-05 14:43:16,79,14,Saturday,7
2025-07-05 14:58:17,79,14,Saturday,7
2025-07-05 15:13:16,63,15,Saturday,7
2025-07-05 15:28:19,73,15,Saturday,7
2025-07-05 15:43:18,73,15,Saturday,7
2025-07-05 15:58:17,73,15,Saturday,7
2025-07-05 16:13:17,92,16,Saturday,7
2025-07-05 16:28:17,84,16,Saturday,7
2025-07-05 16:43:16,84,16,Saturday,7
2025-07-05 16:58:18,84,16,Saturday,7
2025-07-05 17:13:19,55,17,Saturday,7
2025-07-05 17:28:19,57,17,Saturday,7
2025-07-05 17:43:17,57,17,Saturday,7
2025-07-05 17:58:16,57,17,Saturday,7
2025-07-05 18:13:18,56,18,Saturday,7
2025-07-05 18:28:18,58,18,Saturday,7
2025-07-05 18:43:16,58,18,Saturday,7
2025-07-05 18:58:17,58,18,Saturday,7
2025-07-05 19:13:19,58,19,Saturday,7
2025-07-05 19:28:16,60,19,Saturday,7
2025-07-05 19:43:17,60,19,Saturday,7
2025-07-05 19:58:16,60,19,Saturday,7
2025-07-05 20:13:17,61,20,Saturday,7
2025-07-05 20:28:16,61,20,Saturday,7
2025-07-05 20:43:17,61,20,Saturday,7
2025-07-05 20:58:17,61,20,Saturday,7
2025-07-05 21:13:19,62,21,Saturday,7
2025-07-05 21:28:16,73,21,Saturday,7
2025-07-05 21:43:17,73,21,Saturday,7
2025-07-05 21:58:17,73,21,Saturday,7
2025-07-05 22:13:18,67,22,Saturday,7
2025-07-05 22:28:16,77,22,Saturday,7
2025-07-05 22:43:17,77,22,Saturday,7
2025-07-05 22:58:17,77,22,Saturday,7
2025-07-05 23:13:19,65,23,Saturday,7
2025-07-05 23:28:17,77,23,Saturday,7
2025-07-05 23:43:17,77,23,Saturday,7
2025-07-05 23:58:16,77,23,Saturday,7
2025-07-06 00:13:16,68,0,Sunday,7
2025-07-06 00:28:18,80,0,Sunday,7
2025-07-06 00:43:17,80,0,Sunday,7
2025-07-06 00:58:18,80,0,Sunday,7
2025-07-06 01:13:17,65,1,Sunday,7
2025-07-06 01:28:16,79,1,Sunday,7
2025-07-06 01:43:17,79,1,Sunday,7
2025-07-06 01:58:17,79,1,Sunday,7
2025-07-06 02:13:17,66,2,Sunday,7
2025-07-06 02:28:16,76,2,Sunday,7
2025-07-06 02:43:17,76,2,Sunday,7
2025-07-06 02:58:18,76,2,Sunday,7
2025-07-06 03:13:16,75,3,Sunday,7
2025-07-06 03:28:17,84,3,Sunday,7
2025-07-06 03:43:17,84,3,Sunday,7
2025-07-06 03:58:16,84,3,Sunday,7
2025-07-06 04:13:16,62,4,Sunday,7
2025-07-06 04:28:17,73,4,Sunday,7
2025-07-06 04:43:16,73,4,Sunday,7
2025-07-06 04:58:16,73,4,Sunday,7
2025-07-06 05:13:16,61,5,Sunday,7
2025-07-06 05:28:18,72,5,Sunday,7
2025-07-06 05:43:16,72,5,Sunday,7
2025-07-06 05:58:17,72,5,Sunday,7
2025-07-06 06:13:16,61,6,Sunday,7
2025-07-06 06:28:18,68,6,Sunday,7
2025-07-06 06:43:16,68,6,Sunday,7
2025-07-06 06:58:16,68,6,Sunday,7
2025-07-06 07:13:16,60,7,Sunday,7
2025-07-06 07:28:16,71,7,Sunday,7
2025-07-06 07:43:17,71,7,Sunday,7
2025-07-06 07:58:17,71,7,Sunday,7
2025-07-06 08:13:16,60,8,Sunday,7
2025-07-06 08:28:16,72,8,Sunday,7
2025-07-06 08:43:16,72,8,Sunday,7
2025-07-06 08:58:16,72,8,Sunday,7
2025-07-06 09:13:17,61,9,Sunday,7
2025-07-06 09:28:17,72,9,Sunday,7
2025-07-06 09:43:16,72,9,Sunday,7
2025-07-06 09:58:16,72,9,Sunday,7
2025-07-06 10:13:17,61,10,Sunday,7
2025-07-06 10:28:17,72,10,Sunday,7
2025-07-06 10:43:18,72,10,Sunday,7
2025-07-06 10:58:20,72,10,Sunday,7
2025-07-06 11:13:17,61,11,Sunday,7
2025-07-06 11:28:18,61,11,Sunday,7
2025-07-06 11:43:17,61,11,Sunday,7
2025-07-06 11:58:16,61,11,Sunday,7
2025-07-06 12:13:16,61,12,Sunday,7
2025-07-06 12:28:17,71,12,Sunday,7
2025-07-06 12:43:18,71,12,Sunday,7
2025-07-06 12:58:28,71,12,Sunday,7
2025-07-06 13:13:16,62,13,Sunday,7
2025-07-06 13:28:18,71,13,Sunday,7
2025-07-06 13:43:19,71,13,Sunday,7
2025-07-06 13:58:16,71,13,Sunday,7
2025-07-06 14:13:18,69,14,Sunday,7
2025-07-06 14:28:17,69,14,Sunday,7
2025-07-06 14:43:18,69,14,Sunday,7
2025-07-06 14:58:17,69,14,Sunday,7
2025-07-06 15:13:19,62,15,Sunday,7
2025-07-06 15:28:16,69,15,Sunday,7
2025-07-06 15:43:16,69,15,Sunday,7
2025-07-06 15:58:19,69,15,Sunday,7
2025-07-06 16:13:17,59,16,Sunday,7
2025-07-06 16:28:16,63,16,Sunday,7
2025-07-06 16:43:18,63,16,Sunday,7
2025-07-06 16:58:18,63,16,Sunday,7
2025-07-06 17:13:16,60,17,Sunday,7
2025-07-06 17:28:17,71,17,Sunday,7
2025-07-06 17:43:16,71,17,Sunday,7
2025-07-06 17:58:16,71,17,Sunday,7
2025-07-06 18:13:17,62,18,Sunday,7
2025-07-06 18:28:18,73,18,Sunday,7
2025-07-06 18:43:17,73,18,Sunday,7
2025-07-06 18:58:17,73,18,Sunday,7
2025-07-06 19:13:20,62,19,Sunday,7
2025-07-06 19:28:18,71,19,Sunday,7
2025-07-06 19:43:17,71,19,Sunday,7
2025-07-06 19:58:16,71,19,Sunday,7
2025-07-06 20:13:17,75,20,Sunday,7
2025-07-06 20:28:17,75,20,Sunday,7
2025-07-06 20:43:16,75,20,Sunday,7
2025-07-06 20:58:18,75,20,Sunday,7
2025-07-06 21:13:16,92,21,Sunday,7
2025-07-06 21:28:19,98,21,Sunday,7
2025-07-06 21:43:18,98,21,Sunday,7
2025-07-06 21:58:17,98,21,Sunday,7
2025-07-06 22:13:17,61,22,Sunday,7
2025-07-06 22:28:16,64,22,Sunday,7
2025-07-06 22:43:17,64,22,Sunday,7
2025-07-06 22:58:18,64,22,Sunday,7
2025-07-06 23:13:18,65,23,Sunday,7
2025-07-06 23:28:16,75,23,Sunday,7
2025-07-06 23:43:16,75,23,Sunday,7
2025-07-06 23:58:17,75,23,Sunday,7
2025-07-07 00:13:16,65,0,Monday,7
2025-07-07 00:28:16,75,0,Monday,7
2025-07-07 00:43:17,75,0,Monday,7
2025-07-07 00:58:16,75,0,Monday,7
2025-07-07 01:13:17,65,1,Monday,7
2025-07-07 01:28:18,73,1,Monday,7
2025-07-07 01:43:16,73,1,Monday,7
2025-07-07 01:58:17,73,1,Monday,7
2025-07-07 02:13:16,60,2,Monday,7
2025-07-07 02:28:23,61,2,Monday,7
2025-07-07 02:43:18,61,2,Monday,7
2025-07-07 02:58:16,61,2,Monday,7
2025-07-07 03:13:16,54,3,Monday,7
2025-07-07 03:28:16,54,3,Monday,7
2025-07-07 03:43:16,54,3,Monday,7
2025-07-07 03:58:19,54,3,Monday,7
2025-07-07 04:13:16,42,4,Monday,7
2025-07-07 04:28:17,52,4,Monday,7
2025-07-07 04:43:16,52,4,Monday,7
2025-07-07 04:58:16,52,4,Monday,7
2025-07-07 05:13:18,54,5,Monday,7
2025-07-07 05:28:16,57,5,Monday,7
2025-07-07 05:43:16,57,5,Monday,7
2025-07-07 05:58:16,57,5,Monday,7
2025-07-07 06:13:17,55,6,Monday,7
2025-07-07 06:28:16,55,6,Monday,7
2025-07-07 06:43:19,55,6,Monday,7
2025-07-07 06:58:18,55,6,Monday,7
2025-07-07 07:13:19,46,7,Monday,7
2025-07-07 07:28:18,53,7,Monday,7
2025-07-07 07:43:23,53,7,Monday,7
2025-07-07 07:58:19,53,7,Monday,7
2025-07-07 08:13:17,69,8,Monday,7
2025-07-07 08:28:18,70,8,Monday,7
2025-07-07 08:43:17,70,8,Monday,7
2025-07-07 08:58:17,70,8,Monday,7
2025-07-07 09:13:25,59,9,Monday,7
2025-07-07 09:28:17,77,9,Monday,7
2025-07-07 09:43:16,77,9,Monday,7
2025-07-07 09:58:17,77,9,Monday,7
2025-07-07 10:13:18,67,10,Monday,7
2025-07-07 10:28:17,77,10,Monday,7
2025-07-07 10:43:16,77,10,Monday,7
2025-07-07 10:58:19,77,10,Monday,7
2025-07-07 11:13:16,81,11,Monday,7
2025-07-07 11:28:16,88,11,Monday,7
2025-07-07 11:43:17,88,11,Monday,7
2025-07-07 11:58:17,88,11,Monday,7
2025-07-07 12:13:17,74,12,Monday,7
2025-07-07 12:28:18,88,12,Monday,7
2025-07-07 12:43:19,88,12,Monday,7
2025-07-07 12:58:17,88,12,Monday,7
2025-07-07 13:13:20,82,13,Monday,7
2025-07-07 13:28:19,82,13,Monday,7
2025-07-07 13:43:16,82,13,Monday,7
2025-07-07 13:58:20,82,13,Monday,7
2025-07-07 14:13:16,69,14,Monday,7
2025-07-07 14:28:17,73,14,Monday,7
2025-07-07 14:43:19,73,14,Monday,7
2025-07-07 14:58:17,73,14,Monday,7
2025-07-07 15:13:16,68,15,Monday,7
2025-07-07 15:28:19,73,15,Monday,7
2025-07-07 15:43:19,73,15,Monday,7
2025-07-07 15:58:16,73,15,Monday,7
2025-07-07 16:13:18,64,16,Monday,7
2025-07-07 16:28:16,64,16,Monday,7
2025-07-07 16:43:18,64,16,Monday,7
2025-07-07 16:58:16,64,16,Monday,7
2025-07-07 17:13:16,53,17,Monday,7
2025-07-07 17:28:17,67,17,Monday,7
2025-07-07 17:43:18,67,17,Monday,7
2025-07-07 17:58:20,67,17,Monday,7
2025-07-07 18:13:16,65,18,Monday,7
2025-07-07 18:28:16,69,18,Monday,7
2025-07-07 18:43:16,69,18,Monday,7
2025-07-07 18:58:20,69,18,Monday,7
2025-07-07 19:13:16,69,19,Monday,7
2025-07-07 19:28:37,73,19,Monday,7
2025-07-07 19:43:18,73,19,Monday,7
2025-07-07 19:58:17,73,19,Monday,7
2025-07-07 20:13:17,77,20,Monday,7
2025-07-07 20:28:19,83,20,Monday,7
2025-07-07 20:43:19,83,20,Monday,7
2025-07-07 20:58:17,83,20,Monday,7
2025-07-07 21:13:17,81,21,Monday,7
2025-07-07 21:28:20,87,21,Monday,7
2025-07-07 21:43:17,87,21,Monday,7
2025-07-07 21:58:17,87,21,Monday,7
2025-07-07 22:13:18,85,22,Monday,7
2025-07-07 22:28:17,85,22,Monday,7
2025-07-07 22:43:17,85,22,Monday,7
2025-07-07 22:58:17,85,22,Monday,7
2025-07-07 23:13:17,76,23,Monday,7
2025-07-07 23:28:17,87,23,Monday,7
2025-07-07 23:43:16,87,23,Monday,7
2025-07-07 23:58:16,87,23,Monday,7
2025-07-08 00:13:16,63,0,Tuesday,7
2025-07-08 00:28:20,64,0,Tuesday,7
2025-07-08 00:43:17,64,0,Tuesday,7
2025-07-08 00:58:16,64,0,Tuesday,7
2025-07-08 01:13:19,77,1,Tuesday,7
2025-07-08 01:28:17,82,1,Tuesday,7
2025-07-08 01:43:17,82,1,Tuesday,7
2025-07-08 01:58:17,82,1,Tuesday,7
2025-07-08 02:13:17,73,2,Tuesday,7
2025-07-08 02:28:16,84,2,Tuesday,7
2025-07-08 02:43:16,84,2,Tuesday,7
2025-07-08 02:58:16,84,2,Tuesday,7
2025-07-08 03:13:18,60,3,Tuesday,7
2025-07-08 03:28:17,67,3,Tuesday,7
2025-07-08 03:43:19,67,3,Tuesday,7
2025-07-08 03:58:17,67,3,Tuesday,7
2025-07-08 04:13:17,71,4,Tuesday,7
2025-07-08 04:28:16,71,4,Tuesday,7
2025-07-08 04:43:17,71,4,Tuesday,7
2025-07-08 04:58:17,71,4,Tuesday,7
2025-07-08 05:13:23,68,5,Tuesday,7
2025-07-08 05:28:18,68,5,Tuesday,7
2025-07-08 05:43:16,68,5,Tuesday,7
2025-07-08 05:58:16,68,5,Tuesday,7
2025-07-08 06:13:17,59,6,Tuesday,7
2025-07-08 06:28:17,60,6,Tuesday,7
2025-07-08 06:43:17,60,6,Tuesday,7
2025-07-08 06:58:16,60,6,Tuesday,7
2025-07-08 07:13:19,59,7,Tuesday,7
2025-07-08 07:28:17,60,7,Tuesday,7
2025-07-08 07:43:17,60,7,Tuesday,7
2025-07-08 07:58:17,60,7,Tuesday,7
2025-07-08 08:13:17,63,8,Tuesday,7
2025-07-08 08:28:17,67,8,Tuesday,7
2025-07-08 08:43:16,67,8,Tuesday,7
2025-07-08 08:58:16,67,8,Tuesday,7
2025-07-08 09:13:17,71,9,Tuesday,7
2025-07-08 09:28:17,83,9,Tuesday,7
2025-07-08 09:43:17,83,9,Tuesday,7
2025-07-08 09:58:17,83,9,Tuesday,7
2025-07-08 10:13:16,74,10,Tuesday,7
2025-07-08 10:28:16,84,10,Tuesday,7
2025-07-08 10:43:17,84,10,Tuesday,7
2025-07-08 10:58:18,84,10,Tuesday,7
2025-07-08 11:13:16,75,11,Tuesday,7
2025-07-08 11:28:17,82,11,Tuesday,7
2025-07-08 11:43:18,82,11,Tuesday,7
2025-07-08 11:58:16,82,11,Tuesday,7
2025-07-08 12:13:17,82,12,Tuesday,7
2025-07-08 12:28:18,82,12,Tuesday,7
2025-07-08 12:43:17,82,12,Tuesday,7
2025-07-08 12:58:17,82,12,Tuesday,7
2025-07-08 13:13:17,82,13,Tuesday,7
2025-07-08 13:28:17,82,13,Tuesday,7
2025-07-08 13:43:18,82,13,Tuesday,7
2025-07-08 13:58:17,82,13,Tuesday,7
2025-07-08 14:13:19,71,14,Tuesday,7
2025-07-08 14:28:17,86,14,Tuesday,7
2025-07-08 14:43:18,86,14,Tuesday,7
2025-07-08 14:58:19,86,14,Tuesday,7
2025-07-08 15:13:16,75,15,Tuesday,7
2025-07-08 15:28:16,78,15,Tuesday,7
2025-07-08 15:43:16,78,15,Tuesday,7
2025-07-08 15:58:16,78,15,Tuesday,7
2025-07-08 16:13:18,73,16,Tuesday,7
2025-07-08 16:28:19,82,16,Tuesday,7
2025-07-08 16:43:19,82,16,Tuesday,7
2025-07-08 16:58:21,82,16,Tuesday,7
2025-07-08 17:13:17,72,17,Tuesday,7
2025-07-08 17:28:19,76,17,Tuesday,7
2025-07-08 17:43:17,76,17,Tuesday,7
2025-07-08 17:58:19,76,17,Tuesday,7
2025-07-08 18:13:19,70,18,Tuesday,7
2025-07-08 18:28:19,70,18,Tuesday,7
2025-07-08 18:43:16,70,18,Tuesday,7
2025-07-08 18:58:23,70,18,Tuesday,7
2025-07-08 19:13:19,64,19,Tuesday,7
2025-07-08 19:28:18,80,19,Tuesday,7
2025-07-08 19:43:16,80,19,Tuesday,7
2025-07-08 19:58:17,80,19,Tuesday,7
2025-07-08 20:13:16,69,20,Tuesday,7
2025-07-08 20:28:19,71,20,Tuesday,7
2025-07-08 20:43:17,71,20,Tuesday,7
2025-07-08 20:58:16,71,20,Tuesday,7
2025-07-08 21:13:17,80,21,Tuesday,7
2025-07-08 21:28:16,97,21,Tuesday,7
2025-07-08 21:43:18,97,21,Tuesday,7
2025-07-08 21:58:17,97,21,Tuesday,7
2025-07-08 22:13:16,86,22,Tuesday,7
2025-07-08 22:28:16,88,22,Tuesday,7
2025-07-08 22:43:17,88,22,Tuesday,7
2025-07-08 22:58:19,88,22,Tuesday,7
2025-07-08 23:13:16,81,23,Tuesday,7
2025-07-08 23:28:17,81,23,Tuesday,7
2025-07-08 23:43:18,81,23,Tuesday,7
2025-07-08 23:58:16,81,23,Tuesday,7
2025-07-09 00:13:19,71,0,Wednesday,7
2025-07-09 00:28:16,84,0,Wednesday,7
2025-07-09 00:43:17,84,0,Wednesday,7
2025-07-09 00:58:17,84,0,Wednesday,7
2025-07-09 01:13:19,67,1,Wednesday,7
2025-07-09 01:28:16,83,1,Wednesday,7
2025-07-09 01:43:16,83,1,Wednesday,7
2025-07-09 01:58:16,83,1,Wednesday,7
2025-07-09 02:13:16,82,2,Wednesday,7
2025-07-09 02:28:16,82,2,Wednesday,7
2025-07-09 02:43:17,82,2,Wednesday,7
2025-07-09 02:58:16,82,2,Wednesday,7
2025-07-09 03:13:16,62,3,Wednesday,7
2025-07-09 03:28:16,77,3,Wednesday,7
2025-07-09 03:43:16,77,3,Wednesday,7
2025-07-09 03:58:17,77,3,Wednesday,7
2025-07-09 04:13:16,60,4,Wednesday,7
2025-07-09 04:28:17,74,4,Wednesday,7
2025-07-09 04:43:18,74,4,Wednesday,7
2025-07-09 04:58:18,74,4,Wednesday,7
2025-07-09 05:13:17,75,5,Wednesday,7
2025-07-09 05:28:17,89,5,Wednesday,7
2025-07-09 05:43:17,89,5,Wednesday,7
2025-07-09 05:58:17,89,5,Wednesday,7
2025-07-09 06:13:16,60,6,Wednesday,7
2025-07-09 06:28:17,63,6,Wednesday,7
2025-07-09 06:43:17,63,6,Wednesday,7
2025-07-09 06:58:18,63,6,Wednesday,7
2025-07-09 07:13:17,62,7,Wednesday,7
2025-07-09 07:28:17,67,7,Wednesday,7
2025-07-09 07:43:17,67,7,Wednesday,7
2025-07-09 07:58:18,67,7,Wednesday,7
2025-07-09 08:13:19,63,8,Wednesday,7
2025-07-09 08:28:19,63,8,Wednesday,7
2025-07-09 08:43:17,63,8,Wednesday,7
2025-07-09 08:58:18,63,8,Wednesday,7
2025-07-09 09:13:17,61,9,Wednesday,7
2025-07-09 09:28:17,68,9,Wednesday,7
2025-07-09 09:43:17,68,9,Wednesday,7
2025-07-09 09:58:18,68,9,Wednesday,7
2025-07-09 10:13:17,63,10,Wednesday,7
2025-07-09 10:28:16,71,10,Wednesday,7
2025-07-09 10:43:18,71,10,Wednesday,7
2025-07-09 10:58:19,71,10,Wednesday,7
2025-07-09 11:13:17,66,11,Wednesday,7
2025-07-09 11:28:17,75,11,Wednesday,7
2025-07-09 11:43:17,75,11,Wednesday,7
2025-07-09 11:58:17,75,11,Wednesday,7
2025-07-09 12:13:22,71,12,Wednesday,7
2025-07-09 12:28:17,79,12,Wednesday,7
2025-07-09 12:43:17,79,12,Wednesday,7
2025-07-09 12:58:19,79,12,Wednesday,7
2025-07-09 13:13:19,67,13,Wednesday,7
2025-07-09 13:28:19,74,13,Wednesday,7
2025-07-09 13:43:19,74,13,Wednesday,7
2025-07-09 13:58:20,74,13,Wednesday,7
2025-07-09 14:13:16,70,14,Wednesday,7
2025-07-09 14:28:19,77,14,Wednesday,7
2025-07-09 14:43:17,77,14,Wednesday,7
2025-07-09 14:58:19,77,14,Wednesday,7
2025-07-09 15:13:17,70,15,Wednesday,7
2025-07-09 15:28:18,75,15,Wednesday,7
2025-07-09 15:43:18,75,15,Wednesday,7
2025-07-09 15:58:18,75,15,Wednesday,7
2025-07-09 16:13:19,70,16,Wednesday,7
2025-07-09 16:28:18,70,16,Wednesday,7
2025-07-09 16:43:16,70,16,Wednesday,7
2025-07-09 16:58:17,70,16,Wednesday,7
2025-07-09 17:13:17,71,17,Wednesday,7
2025-07-09 17:28:18,76,17,Wednesday,7
2025-07-09 17:43:16,76,17,Wednesday,7
2025-07-09 17:58:17,76,17,Wednesday,7
2025-07-09 18:13:16,64,18,Wednesday,7
2025-07-09 18:28:20,73,18,Wednesday,7
2025-07-09 18:43:17,73,18,Wednesday,7
2025-07-09 18:58:19,73,18,Wednesday,7
2025-07-09 19:13:17,66,19,Wednesday,7
2025-07-09 19:28:16,79,19,Wednesday,7
2025-07-09 19:43:16,79,19,Wednesday,7
2025-07-09 19:58:16,79,19,Wednesday,7
2025-07-09 20:13:17,64,20,Wednesday,7
2025-07-09 20:28:17,75,20,Wednesday,7
2025-07-09 20:43:17,75,20,Wednesday,7
2025-07-09 20:58:16,75,20,Wednesday,7
2025-07-09 21:13:17,84,21,Wednesday,7
2025-07-09 21:28:16,84,21,Wednesday,7
2025-07-09 21:43:18,84,21,Wednesday,7
2025-07-09 21:58:16,84,21,Wednesday,7
2025-07-09 22:13:18,68,22,Wednesday,7
2025-07-09 22:28:17,84,22,Wednesday,7
2025-07-09 22:43:16,84,22,Wednesday,7
2025-07-09 22:58:16,84,22,Wednesday,7
2025-07-09 23:13:19,66,23,Wednesday,7
2025-07-09 23:28:17,77,23,Wednesday,7
2025-07-09 23:43:16,77,23,Wednesday,7
2025-07-09 23:58:18,77,23,Wednesday,7
2025-07-10 00:13:20,63,0,Thursday,7
2025-07-10 00:28:17,68,0,Thursday,7
2025-07-10 00:43:18,68,0,Thursday,7
2025-07-10 00:58:18,68,0,Thursday,7
2025-07-10 01:13:16,67,1,Thursday,7
2025-07-10 01:28:16,69,1,Thursday,7
2025-07-10 01:43:17,69,1,Thursday,7
2025-07-10 01:58:16,69,1,Thursday,7
2025-07-10 02:13:17,61,2,Thursday,7
2025-07-10 02:28:16,66,2,Thursday,7
2025-07-10 02:43:16,66,2,Thursday,7
2025-07-10 02:58:16,66,2,Thursday,7
2025-07-10 03:13:16,59,3,Thursday,7
2025-07-10 03:28:16,60,3,Thursday,7
2025-07-10 03:43:16,60,3,Thursday,7
2025-07-10 03:58:16,60,3,Thursday,7
2025-07-10 04:13:17,58,4,Thursday,7
2025-07-10 04:28:17,58,4,Thursday,7
2025-07-10 04:43:17,58,4,Thursday,7
2025-07-10 04:58:16,58,4,Thursday,7
2025-07-10 05:13:17,58,5,Thursday,7
2025-07-10 05:28:17,58,5,Thursday,7
2025-07-10 05:43:17,58,5,Thursday,7
2025-07-10 05:58:16,58,5,Thursday,7
2025-07-10 06:13:16,56,6,Thursday,7
2025-07-10 06:28:16,60,6,Thursday,7
2025-07-10 06:43:16,60,6,Thursday,7
2025-07-10 06:58:16,60,6,Thursday,7
2025-07-10 07:13:16,63,7,Thursday,7
2025-07-10 07:28:17,71,7,Thursday,7
2025-07-10 07:43:17,71,7,Thursday,7
2025-07-10 07:58:16,71,7,Thursday,7
2025-07-10 08:13:18,65,8,Thursday,7
2025-07-10 08:28:18,73,8,Thursday,7
2025-07-10 08:43:16,73,8,Thursday,7
2025-07-10 08:58:16,73,8,Thursday,7
2025-07-10 09:13:16,75,9,Thursday,7
2025-07-10 09:28:16,77,9,Thursday,7
2025-07-10 09:43:16,77,9,Thursday,7
2025-07-10 09:58:17,77,9,Thursday,7
2025-07-10 10:13:17,89,10,Thursday,7
2025-07-10 10:28:16,92,10,Thursday,7
2025-07-10 10:43:17,92,10,Thursday,7
2025-07-10 10:58:16,92,10,Thursday,7
2025-07-10 11:13:16,86,11,Thursday,7
2025-07-10 11:28:16,86,11,Thursday,7
2025-07-10 11:43:17,86,11,Thursday,7
2025-07-10 11:58:16,86,11,Thursday,7
2025-07-10 12:13:18,82,12,Thursday,7
2025-07-10 12:29:12,82,12,Thursday,7
2025-07-10 12:43:17,82,12,Thursday,7
2025-07-10 12:58:16,82,12,Thursday,7
2025-07-10 13:13:19,67,13,Thursday,7
2025-07-10 13:28:21,77,13,Thursday,7
2025-07-10 13:43:17,77,13,Thursday,7
2025-07-10 13:58:18,77,13,Thursday,7
2025-07-10 14:13:16,70,14,Thursday,7
2025-07-10 14:28:18,78,14,Thursday,7
2025-07-10 14:43:16,78,14,Thursday,7
2025-07-10 14:58:17,78,14,Thursday,7
2025-07-10 15:13:19,78,15,Thursday,7
2025-07-10 15:28:18,81,15,Thursday,7
2025-07-10 15:43:17,81,15,Thursday,7
2025-07-10 15:58:16,81,15,Thursday,7
2025-07-10 16:13:32,83,16,Thursday,7
2025-07-10 16:28:17,81,16,Thursday,7
2025-07-10 16:43:17,81,16,Thursday,7
2025-07-10 16:58:17,81,16,Thursday,7
2025-07-10 17:13:16,75,17,Thursday,7
2025-07-10 17:28:21,81,17,Thursday,7
2025-07-10 17:43:19,81,17,Thursday,7
2025-07-10 17:58:18,81,17,Thursday,7
2025-07-10 18:13:17,86,18,Thursday,7
2025-07-10 18:28:18,86,18,Thursday,7
2025-07-10 18:43:17,86,18,Thursday,7
2025-07-10 18:58:16,86,18,Thursday,7
2025-07-10 19:13:17,75,19,Thursday,7
2025-07-10 19:28:17,78,19,Thursday,7
2025-07-10 19:43:17,78,19,Thursday,7
2025-07-10 19:58:17,78,19,Thursday,7
2025-07-10 20:13:16,84,20,Thursday,7
2025-07-10 20:28:20,85,20,Thursday,7
2025-07-10 20:43:17,85,20,Thursday,7
2025-07-10 20:58:17,85,20,Thursday,7
2025-07-10 21:13:17,66,21,Thursday,7
2025-07-10 21:28:16,82,21,Thursday,7
2025-07-10 21:43:17,82,21,Thursday,7
2025-07-10 21:58:17,82,21,Thursday,7
2025-07-10 22:13:17,85,22,Thursday,7
2025-07-10 22:28:17,85,22,Thursday,7
2025-07-10 22:43:16,85,22,Thursday,7
2025-07-10 22:58:16,85,22,Thursday,7
2025-07-10 23:13:17,77,23,Thursday,7
2025-07-10 23:28:17,77,23,Thursday,7
2025-07-10 23:43:17,77,23,Thursday,7
2025-07-10 23:58:18,77,23,Thursday,7
2025-07-11 00:13:17,69,0,Friday,7
2025-07-11 00:28:17,75,0,Friday,7
2025-07-11 00:43:17,75,0,Friday,7
2025-07-11 00:58:16,75,0,Friday,7
2025-07-11 01:13:20,63,1,Friday,7
2025-07-11 01:28:18,76,1,Friday,7
2025-07-11 01:43:17,76,1,Friday,7
2025-07-11 01:58:17,76,1,Friday,7
2025-07-11 02:13:16,66,2,Friday,7
2025-07-11 02:28:17,73,2,Friday,7
2025-07-11 02:43:17,73,2,Friday,7
2025-07-11 02:58:17,73,2,Friday,7
2025-07-11 03:13:17,62,3,Friday,7
2025-07-11 03:28:16,72,3,Friday,7
2025-07-11 03:43:16,72,3,Friday,7
2025-07-11 03:58:16,72,3,Friday,7
2025-07-11 04:13:17,70,4,Friday,7
2025-07-11 04:28:17,70,4,Friday,7
2025-07-11 04:43:16,70,4,Friday,7
2025-07-11 04:58:17,70,4,Friday,7
2025-07-11 05:13:16,68,5,Friday,7
2025-07-11 05:28:23,68,5,Friday,7
2025-07-11 05:43:17,68,5,Friday,7
2025-07-11 05:58:17,68,5,Friday,7
2025-07-11 06:13:16,60,6,Friday,7
2025-07-11 06:28:16,70,6,Friday,7
2025-07-11 06:43:16,70,6,Friday,7
2025-07-11 06:58:17,70,6,Friday,7
2025-07-11 07:13:18,71,7,Friday,7
2025-07-11 07:28:16,74,7,Friday,7
2025-07-11 07:43:17,74,7,Friday,7
2025-07-11 07:58:16,74,7,Friday,7
2025-07-11 08:13:17,74,8,Friday,7
2025-07-11 08:28:16,74,8,Friday,7
2025-07-11 08:43:16,74,8,Friday,7
2025-07-11 08:58:16,74,8,Friday,7
2025-07-11 09:13:17,64,9,Friday,7
2025-07-11 09:28:17,86,9,Friday,7
2025-07-11 09:43:17,86,9,Friday,7
2025-07-11 09:58:17,86,9,Friday,7
2025-07-11 10:13:16,63,10,Friday,7
2025-07-11 10:28:16,75,10,Friday,7
2025-07-11 10:43:16,75,10,Friday,7
2025-07-11 10:58:17,75,10,Friday,7
2025-07-11 11:13:16,66,11,Friday,7
2025-07-11 11:28:17,73,11,Friday,7
2025-07-11 11:43:17,73,11,Friday,7
2025-07-11 11:58:17,73,11,Friday,7
2025-07-11 12:13:17,72,12,Friday,7
2025-07-11 12:28:16,75,12,Friday,7
2025-07-11 12:43:17,75,12,Friday,7
2025-07-11 12:58:18,75,12,Friday,7
2025-07-11 13:13:17,66,13,Friday,7
2025-07-11 13:28:17,73,13,Friday,7
2025-07-11 13:43:17,73,13,Friday,7
2025-07-11 13:58:16,73,13,Friday,7
2025-07-11 14:13:17,65,14,Friday,7
2025-07-11 14:28:16,66,14,Friday,7
2025-07-11 14:43:17,66,14,Friday,7
2025-07-11 14:58:16,66,14,Friday,7
2025-07-11 15:13:17,65,15,Friday,7
2025-07-11 15:28:16,66,15,Friday,7
2025-07-11 15:43:17,66,15,Friday,7
2025-07-11 15:58:16,66,15,Friday,7
2025-07-11 16:13:16,64,16,Friday,7
2025-07-11 16:28:17,66,16,Friday,7
2025-07-11 16:43:17,66,16,Friday,7
2025-07-11 16:58:17,66,16,Friday,7
2025-07-11 17:13:17,68,17,Friday,7
2025-07-11 17:28:17,68,17,Friday,7
2025-07-11 17:43:19,68,17,Friday,7
2025-07-11 17:58:24,68,17,Friday,7
2025-07-11 18:13:17,64,18,Friday,7
2025-07-11 18:28:16,69,18,Friday,7
2025-07-11 18:43:16,69,18,Friday,7
2025-07-11 18:58:17,69,18,Friday,7
2025-07-11 19:13:18,69,19,Friday,7
2025-07-11 19:28:16,69,19,Friday,7
2025-07-11 19:43:17,69,19,Friday,7
2025-07-11 19:58:17,69,19,Friday,7
2025-07-11 20:13:17,73,20,Friday,7
2025-07-11 20:28:18,73,20,Friday,7
2025-07-11 20:43:17,73,20,Friday,7
2025-07-11 20:58:17,73,20,Friday,7
2025-07-11 21:13:18,78,21,Friday,7
2025-07-11 21:28:16,85,21,Friday,7
2025-07-11 21:43:17,85,21,Friday,7
2025-07-11 21:58:16,85,21,Friday,7
2025-07-11 22:13:17,79,22,Friday,7
2025-07-11 22:28:17,75,22,Friday,7
2025-07-11 22:43:17,75,22,Friday,7
